agent,role,acknowledged_on,notes
PDA,Program Director,2025-09-15T21:30:00Z,Charter authored and approved.
QKAA,Quantum Kernel & Regressor Architect,2025-09-15T21:31:00Z,Reviewed success metrics and kernel milestones.
QGMA,Quantum Generative Modeling,2025-09-15T21:31:30Z,Confirmed generative scope and constraints.
ALOA,Active Learning Orchestrator,2025-09-15T21:32:00Z,Validated loop design objectives.
MDIA,Materials & DFT Integration,2025-09-15T21:32:30Z,Approved DFT scope and constraints.
DPQA,Data Pipeline & Quality,2025-09-15T21:33:00Z,Accepted data readiness targets.
QHSOA,QPU & Simulation Operations,2025-09-15T21:33:30Z,Confirmed hardware budget assumptions.
BRA,Benchmarking, Robustness & Baselines,2025-09-15T21:34:00Z,Agreed to evaluation metrics.
RKMA,Reproducibility & Knowledge Management,2025-09-15T21:34:30Z,Validated documentation governance.
